product_category_name_english,order_count,item_count,product_count,seller_count,customer_count,item_price_total,freight_total,item_and_freight_total,average_item_price,average_items_per_order,freight_share_pct,item_revenue_share_pct,item_revenue_rank
health_beauty,8646,9462,2397,479,8497,1232996.75,178949.32,1411946.07,130.31,1.09,12.67,9.33,1
watches_gifts,5495,5859,1300,95,5421,1166176.98,98156.14,1264333.12,199.04,1.07,7.76,8.82,2
bed_bath_table,9272,10953,2991,189,9008,1023434.76,201774.50,1225209.26,93.44,1.18,16.47,7.74,3
sports_leisure,7530,8431,2822,466,7341,954852.55,163404.36,1118256.91,113.25,1.12,14.61,7.22,4
computers_accessories,6530,7644,1600,279,6405,888724.61,143999.16,1032723.77,116.26,1.17,13.94,6.72,5
furniture_decor,6307,8160,2593,352,6178,711927.69,168402.23,880329.92,87.25,1.29,19.13,5.38,6
housewares,5743,6795,2282,452,5681,615628.69,142763.56,758392.25,90.60,1.18,18.82,4.66,7
cool_stuff,3559,3718,770,259,3543,610204.10,81476.79,691680.89,164.12,1.04,11.78,4.62,8
auto,3810,4140,1853,371,3769,578966.65,90488.10,669454.75,139.85,1.09,13.52,4.38,9
toys,3804,4030,1373,242,3763,471286.48,75774.58,547061.06,116.94,1.06,13.85,3.56,10
garden_tools,3448,4268,725,227,3420,470495.28,96650.40,567145.68,110.24,1.24,17.04,3.56,11
baby,2809,2982,890,240,2783,400421.84,66305.81,466727.65,134.28,1.06,14.21,3.03,12
perfumery,3086,3340,857,173,3050,390144.65,53026.98,443171.63,116.81,1.08,11.97,2.95,13
telephony,4093,4430,1112,142,4047,309860.23,69342.39,379202.62,69.95,1.08,18.29,2.34,14
office_furniture,1254,1668,302,30,1245,268154.31,67057.05,335211.36,160.76,1.33,20.00,2.03,15
stationery,2264,2466,831,172,2250,223788.69,45786.36,269575.05,90.75,1.09,16.98,1.69,16
computers,177,199,30,9,176,218684.14,9665.62,228349.76,1098.92,1.12,4.23,1.65,17
pet_shop,1688,1924,710,132,1667,211695.64,38918.56,250614.20,110.03,1.14,15.53,1.60,18
musical_instruments,611,651,279,67,607,184315.74,17871.38,202187.12,283.13,1.07,8.84,1.39,19
small_appliances,609,658,220,97,606,182754.12,15354.35,198108.47,277.74,1.08,7.75,1.38,20
unknown,1392,1537,584,247,1386,170726.63,26969.06,197695.69,111.08,1.10,13.64,1.29,21
electronics,2517,2729,507,145,2507,155043.93,45679.16,200723.09,56.81,1.08,22.76,1.17,22
fashion_bags_accessories,1820,1985,829,97,1757,149329.39,30558.90,179888.29,75.23,1.09,16.99,1.13,23
consoles_games,1018,1089,300,81,1014,148003.37,19094.36,167097.73,135.91,1.07,11.43,1.12,24
construction_tools_construction,736,916,393,123,732,142108.49,20273.52,162382.01,155.14,1.24,12.49,1.07,25
luggage_accessories,1019,1077,346,73,1013,138701.63,30076.49,168778.12,128.79,1.06,17.82,1.05,26
home_appliances_2,227,231,88,45,222,107953.95,10254.57,118208.52,467.33,1.02,8.67,0.82,27
home_construction,483,596,221,67,483,81407.57,13614.80,95022.37,136.59,1.23,14.33,0.62,28
home_appliances,747,754,364,48,688,78832.48,14469.30,93301.78,104.55,1.01,15.51,0.60,29
agro_industry_and_commerce,177,206,71,32,176,70566.10,5637.20,76203.30,342.55,1.16,7.40,0.53,30
furniture_living_room,414,495,152,55,407,67350.70,17694.37,85045.07,136.06,1.20,20.81,0.51,31
home_confort,392,429,111,20,391,58008.45,8429.77,66438.22,135.22,1.09,12.69,0.44,32
fixed_telephony,212,255,113,48,212,55315.21,4501.33,59816.54,216.92,1.20,7.53,0.42,33
air_conditioning,246,289,121,51,244,53323.56,6530.99,59854.55,184.51,1.17,10.91,0.40,34
audio,348,362,58,36,347,50570.60,5684.72,56255.32,139.70,1.04,10.11,0.38,35
small_appliances_home_oven_and_coffee,72,73,30,14,72,46589.56,2656.34,49245.90,638.21,1.01,5.39,0.35,36
kitchen_dining_laundry_garden_furniture,241,274,92,51,241,45531.98,11540.99,57072.97,166.18,1.14,20.22,0.34,37
books_general_interest,496,537,207,53,490,45302.15,8880.39,54182.54,84.36,1.08,16.39,0.34,38
construction_tools_lights,242,301,77,36,242,39957.00,7490.14,47447.14,132.75,1.24,15.79,0.30,39
construction_tools_safety,159,183,88,33,158,38773.22,3730.80,42504.02,211.88,1.15,8.78,0.29,40
industry_commerce_and_business,232,265,68,29,230,38498.81,7580.53,46079.34,145.28,1.14,16.45,0.29,41
food,441,499,79,56,436,28731.15,7063.53,35794.68,57.58,1.13,19.73,0.22,42
market_place,274,305,99,55,273,27795.77,5318.61,33114.38,91.13,1.11,16.06,0.21,43
costruction_tools_garden,190,232,86,32,187,25096.28,5187.66,30283.94,108.17,1.22,17.13,0.19,44
art,195,197,52,33,195,23657.30,3828.23,27485.53,120.09,1.01,13.93,0.18,45
fashion_shoes,235,257,170,12,234,23001.46,4813.37,27814.83,89.50,1.09,17.31,0.17,46
drinks,287,361,80,36,282,21529.84,5441.27,26971.11,59.64,1.26,20.17,0.16,47
signaling_and_security,138,197,91,45,137,21315.05,6477.54,27792.59,108.20,1.43,23.31,0.16,48
furniture_bedroom,90,103,43,22,86,19051.80,4327.42,23379.22,184.97,1.14,18.51,0.14,49
books_technical,256,263,122,25,255,18702.23,4198.84,22901.07,71.11,1.03,18.33,0.14,50
costruction_tools_tools,97,103,39,24,97,15903.95,2030.22,17934.17,154.41,1.06,11.32,0.12,51
food_drink,221,269,99,32,219,14942.88,4394.89,19337.77,55.55,1.22,22.73,0.11,52
fashion_male_clothing,106,125,89,12,104,10452.33,2062.62,12514.95,83.62,1.18,16.48,0.08,53
fashion_underwear_beach,117,127,52,9,117,9305.95,1854.07,11160.02,73.28,1.09,16.61,0.07,54
christmas_supplies,125,150,63,16,125,8737.84,3190.91,11928.75,58.25,1.20,26.75,0.07,55
tablets_printing_image,79,83,9,6,79,7528.41,1226.20,8754.61,90.70,1.05,14.01,0.06,56
cine_photo,63,70,26,13,63,6674.47,1227.71,7902.18,95.35,1.11,15.54,0.05,57
music,38,38,27,19,38,6034.35,690.51,6724.86,158.80,1.00,10.27,0.05,58
dvds_blu_ray,56,61,46,10,55,4542.59,1227.25,5769.84,74.47,1.09,21.27,0.03,59
party_supplies,38,42,25,11,38,4465.19,820.19,5285.38,106.31,1.11,15.52,0.03,60
books_imported,50,57,30,6,49,4418.86,732.08,5150.94,77.52,1.14,14.21,0.03,61
furniture_mattress_and_upholstery,37,37,10,5,37,4323.38,1581.37,5904.75,116.85,1.00,26.78,0.03,62
portable_kitchen_and_food_preparation_appliances,13,14,9,5,13,3933.63,294.42,4228.05,280.97,1.08,6.96,0.03,63
fashio_female_clothing,36,45,26,10,36,2634.94,583.50,3218.44,58.55,1.25,18.13,0.02,64
fashion_sport,26,29,19,10,26,2094.52,563.03,2657.55,72.22,1.12,21.19,0.02,65
la_cuisine,13,14,10,2,13,2054.99,333.55,2388.54,146.79,1.08,13.96,0.02,66
arts_and_craftmanship,23,24,19,13,21,1814.01,370.13,2184.14,75.58,1.04,16.95,0.01,67
diapers_and_hygiene,25,37,11,7,24,1500.79,545.40,2046.19,40.56,1.48,26.65,0.01,68
gaming_pc,7,8,2,2,7,1306.95,123.15,1430.10,163.37,1.14,8.61,0.01,69
flowers,29,33,14,3,29,1110.04,488.87,1598.91,33.64,1.14,30.58,0.01,70
home_comfort_2,24,30,5,4,23,760.27,410.31,1170.58,25.34,1.25,35.05,0.01,71
cds_dvds_musicals,12,14,1,1,12,730.00,224.99,954.99,52.14,1.17,23.56,0.01,72
fashion_childrens_clothes,7,7,4,3,7,519.95,78.72,598.67,74.28,1.00,13.15,0.00,73
security_and_services,2,2,2,2,2,283.29,41.22,324.51,141.65,1.00,12.70,0.00,74
