cohort_month,activity_month,months_since_first_order,cohort_size,active_customer_count,inactive_customer_count,order_count,payment_value,retention_rate_pct,orders_per_active_customer,payment_per_active_customer
2016-09-01,2016-09-01,0,4,4,0,4,252.24,100.00,1.00,63.06
2016-09-01,2016-10-01,1,4,0,4,0,0.00,0.00,,
2016-09-01,2016-11-01,2,4,0,4,0,0.00,0.00,,
2016-09-01,2016-12-01,3,4,0,4,0,0.00,0.00,,
2016-09-01,2017-01-01,4,4,0,4,0,0.00,0.00,,
2016-09-01,2017-02-01,5,4,0,4,0,0.00,0.00,,
2016-09-01,2017-03-01,6,4,0,4,0,0.00,0.00,,
2016-09-01,2017-04-01,7,4,0,4,0,0.00,0.00,,
2016-09-01,2017-05-01,8,4,0,4,0,0.00,0.00,,
2016-09-01,2017-06-01,9,4,0,4,0,0.00,0.00,,
2016-09-01,2017-07-01,10,4,0,4,0,0.00,0.00,,
2016-09-01,2017-08-01,11,4,0,4,0,0.00,0.00,,
2016-09-01,2017-09-01,12,4,0,4,0,0.00,0.00,,
2016-09-01,2017-10-01,13,4,0,4,0,0.00,0.00,,
2016-09-01,2017-11-01,14,4,0,4,0,0.00,0.00,,
2016-09-01,2017-12-01,15,4,0,4,0,0.00,0.00,,
2016-09-01,2018-01-01,16,4,0,4,0,0.00,0.00,,
2016-09-01,2018-02-01,17,4,0,4,0,0.00,0.00,,
2016-09-01,2018-03-01,18,4,0,4,0,0.00,0.00,,
2016-09-01,2018-04-01,19,4,0,4,0,0.00,0.00,,
2016-09-01,2018-05-01,20,4,0,4,0,0.00,0.00,,
2016-09-01,2018-06-01,21,4,0,4,0,0.00,0.00,,
2016-09-01,2018-07-01,22,4,0,4,0,0.00,0.00,,
2016-09-01,2018-08-01,23,4,0,4,0,0.00,0.00,,
2016-09-01,2018-09-01,24,4,0,4,0,0.00,0.00,,
2016-09-01,2018-10-01,25,4,0,4,0,0.00,0.00,,
2016-10-01,2016-10-01,0,321,321,0,324,59090.48,100.00,1.01,184.08
2016-10-01,2016-11-01,1,321,0,321,0,0.00,0.00,,
2016-10-01,2016-12-01,2,321,0,321,0,0.00,0.00,,
2016-10-01,2017-01-01,3,321,0,321,0,0.00,0.00,,
2016-10-01,2017-02-01,4,321,0,321,0,0.00,0.00,,
2016-10-01,2017-03-01,5,321,0,321,0,0.00,0.00,,
2016-10-01,2017-04-01,6,321,1,320,1,111.30,0.31,1.00,111.30
2016-10-01,2017-05-01,7,321,0,321,0,0.00,0.00,,
2016-10-01,2017-06-01,8,321,0,321,0,0.00,0.00,,
2016-10-01,2017-07-01,9,321,1,320,1,356.13,0.31,1.00,356.13
2016-10-01,2017-08-01,10,321,0,321,0,0.00,0.00,,
2016-10-01,2017-09-01,11,321,1,320,1,56.78,0.31,1.00,56.78
2016-10-01,2017-10-01,12,321,0,321,0,0.00,0.00,,
2016-10-01,2017-11-01,13,321,1,320,1,163.53,0.31,1.00,163.53
2016-10-01,2017-12-01,14,321,0,321,0,0.00,0.00,,
2016-10-01,2018-01-01,15,321,1,320,1,381.00,0.31,1.00,381.00
2016-10-01,2018-02-01,16,321,0,321,0,0.00,0.00,,
2016-10-01,2018-03-01,17,321,1,320,1,116.57,0.31,1.00,116.57
2016-10-01,2018-04-01,18,321,0,321,0,0.00,0.00,,
2016-10-01,2018-05-01,19,321,2,319,2,384.01,0.62,1.00,192.01
2016-10-01,2018-06-01,20,321,2,319,2,181.37,0.62,1.00,90.69
2016-10-01,2018-07-01,21,321,0,321,0,0.00,0.00,,
2016-10-01,2018-08-01,22,321,0,321,0,0.00,0.00,,
2016-10-01,2018-09-01,23,321,0,321,0,0.00,0.00,,
2016-10-01,2018-10-01,24,321,0,321,0,0.00,0.00,,
2016-12-01,2016-12-01,0,1,1,0,1,19.62,100.00,1.00,19.62
2016-12-01,2017-01-01,1,1,1,0,1,19.62,100.00,1.00,19.62
2016-12-01,2017-02-01,2,1,0,1,0,0.00,0.00,,
2016-12-01,2017-03-01,3,1,0,1,0,0.00,0.00,,
2016-12-01,2017-04-01,4,1,0,1,0,0.00,0.00,,
2016-12-01,2017-05-01,5,1,0,1,0,0.00,0.00,,
2016-12-01,2017-06-01,6,1,0,1,0,0.00,0.00,,
2016-12-01,2017-07-01,7,1,0,1,0,0.00,0.00,,
2016-12-01,2017-08-01,8,1,0,1,0,0.00,0.00,,
2016-12-01,2017-09-01,9,1,0,1,0,0.00,0.00,,
2016-12-01,2017-10-01,10,1,0,1,0,0.00,0.00,,
2016-12-01,2017-11-01,11,1,0,1,0,0.00,0.00,,
2016-12-01,2017-12-01,12,1,0,1,0,0.00,0.00,,
2016-12-01,2018-01-01,13,1,0,1,0,0.00,0.00,,
2016-12-01,2018-02-01,14,1,0,1,0,0.00,0.00,,
2016-12-01,2018-03-01,15,1,0,1,0,0.00,0.00,,
2016-12-01,2018-04-01,16,1,0,1,0,0.00,0.00,,
2016-12-01,2018-05-01,17,1,0,1,0,0.00,0.00,,
2016-12-01,2018-06-01,18,1,0,1,0,0.00,0.00,,
2016-12-01,2018-07-01,19,1,0,1,0,0.00,0.00,,
2016-12-01,2018-08-01,20,1,0,1,0,0.00,0.00,,
2016-12-01,2018-09-01,21,1,0,1,0,0.00,0.00,,
2016-12-01,2018-10-01,22,1,0,1,0,0.00,0.00,,
2017-01-01,2017-01-01,0,764,764,0,799,138468.42,100.00,1.05,181.24
2017-01-01,2017-02-01,1,764,3,761,3,170.83,0.39,1.00,56.94
2017-01-01,2017-03-01,2,764,2,762,2,114.70,0.26,1.00,57.35
2017-01-01,2017-04-01,3,764,1,763,1,89.70,0.13,1.00,89.70
2017-01-01,2017-05-01,4,764,3,761,3,246.25,0.39,1.00,82.08
2017-01-01,2017-06-01,5,764,1,763,1,69.33,0.13,1.00,69.33
2017-01-01,2017-07-01,6,764,4,760,4,533.57,0.52,1.00,133.39
2017-01-01,2017-08-01,7,764,1,763,1,105.17,0.13,1.00,105.17
2017-01-01,2017-09-01,8,764,1,763,1,47.05,0.13,1.00,47.05
2017-01-01,2017-10-01,9,764,0,764,0,0.00,0.00,,
2017-01-01,2017-11-01,10,764,3,761,3,427.05,0.39,1.00,142.35
2017-01-01,2017-12-01,11,764,1,763,1,66.60,0.13,1.00,66.60
2017-01-01,2018-01-01,12,764,6,758,6,810.37,0.79,1.00,135.06
2017-01-01,2018-02-01,13,764,3,761,3,351.65,0.39,1.00,117.22
2017-01-01,2018-03-01,14,764,1,763,1,93.70,0.13,1.00,93.70
2017-01-01,2018-04-01,15,764,1,763,1,104.61,0.13,1.00,104.61
2017-01-01,2018-05-01,16,764,2,762,2,219.35,0.26,1.00,109.68
2017-01-01,2018-06-01,17,764,3,761,3,354.43,0.39,1.00,118.14
2017-01-01,2018-07-01,18,764,0,764,0,0.00,0.00,,
2017-01-01,2018-08-01,19,764,1,763,1,50.93,0.13,1.00,50.93
2017-01-01,2018-09-01,20,764,0,764,0,0.00,0.00,,
2017-01-01,2018-10-01,21,764,0,764,0,0.00,0.00,,
2017-02-01,2017-02-01,0,1752,1752,0,1777,291737.18,100.00,1.01,166.52
2017-02-01,2017-03-01,1,1752,4,1748,4,536.12,0.23,1.00,134.03
2017-02-01,2017-04-01,2,1752,5,1747,5,570.63,0.29,1.00,114.13
2017-02-01,2017-05-01,3,1752,2,1750,2,118.73,0.11,1.00,59.37
2017-02-01,2017-06-01,4,1752,7,1745,7,1151.96,0.40,1.00,164.57
2017-02-01,2017-07-01,5,1752,2,1750,2,74.21,0.11,1.00,37.11
2017-02-01,2017-08-01,6,1752,4,1748,4,688.92,0.23,1.00,172.23
2017-02-01,2017-09-01,7,1752,3,1749,3,274.30,0.17,1.00,91.43
2017-02-01,2017-10-01,8,1752,3,1749,3,643.04,0.17,1.00,214.35
2017-02-01,2017-11-01,9,1752,4,1748,4,467.31,0.23,1.00,116.83
2017-02-01,2017-12-01,10,1752,2,1750,2,343.22,0.11,1.00,171.61
2017-02-01,2018-01-01,11,1752,5,1747,5,454.39,0.29,1.00,90.88
2017-02-01,2018-02-01,12,1752,3,1749,3,314.92,0.17,1.00,104.97
2017-02-01,2018-03-01,13,1752,3,1749,3,397.11,0.17,1.00,132.37
2017-02-01,2018-04-01,14,1752,2,1750,2,181.66,0.11,1.00,90.83
2017-02-01,2018-05-01,15,1752,1,1751,1,136.79,0.06,1.00,136.79
2017-02-01,2018-06-01,16,1752,1,1751,1,291.68,0.06,1.00,291.68
2017-02-01,2018-07-01,17,1752,4,1748,5,536.16,0.23,1.25,134.04
2017-02-01,2018-08-01,18,1752,0,1752,0,0.00,0.00,,
2017-02-01,2018-09-01,19,1752,0,1752,0,0.00,0.00,,
2017-02-01,2018-10-01,20,1752,0,1752,0,0.00,0.00,,
2017-03-01,2017-03-01,0,2636,2636,0,2676,449212.78,100.00,1.02,170.41
2017-03-01,2017-04-01,1,2636,13,2623,14,1794.97,0.49,1.08,138.07
2017-03-01,2017-05-01,2,2636,10,2626,10,2022.23,0.38,1.00,202.22
2017-03-01,2017-06-01,3,2636,10,2626,12,1836.10,0.38,1.20,183.61
2017-03-01,2017-07-01,4,2636,9,2627,9,1213.97,0.34,1.00,134.89
2017-03-01,2017-08-01,5,2636,4,2632,4,1433.39,0.15,1.00,358.35
2017-03-01,2017-09-01,6,2636,4,2632,4,689.18,0.15,1.00,172.30
2017-03-01,2017-10-01,7,2636,8,2628,8,887.42,0.30,1.00,110.93
2017-03-01,2017-11-01,8,2636,9,2627,9,1447.49,0.34,1.00,160.83
2017-03-01,2017-12-01,9,2636,2,2634,2,237.96,0.08,1.00,118.98
2017-03-01,2018-01-01,10,2636,10,2626,10,1103.10,0.38,1.00,110.31
2017-03-01,2018-02-01,11,2636,4,2632,4,606.53,0.15,1.00,151.63
2017-03-01,2018-03-01,12,2636,6,2630,6,947.71,0.23,1.00,157.95
2017-03-01,2018-04-01,13,2636,3,2633,3,238.58,0.11,1.00,79.53
2017-03-01,2018-05-01,14,2636,4,2632,4,687.41,0.15,1.00,171.85
2017-03-01,2018-06-01,15,2636,6,2630,6,717.55,0.23,1.00,119.59
2017-03-01,2018-07-01,16,2636,2,2634,2,203.88,0.08,1.00,101.94
2017-03-01,2018-08-01,17,2636,4,2632,4,472.85,0.15,1.00,118.21
2017-03-01,2018-09-01,18,2636,0,2636,0,0.00,0.00,,
2017-03-01,2018-10-01,19,2636,0,2636,0,0.00,0.00,,
2017-04-01,2017-04-01,0,2352,2352,0,2383,415221.43,100.00,1.01,176.54
2017-04-01,2017-05-01,1,2352,14,2338,15,2937.00,0.60,1.07,209.79
2017-04-01,2017-06-01,2,2352,5,2347,6,940.40,0.21,1.20,188.08
2017-04-01,2017-07-01,3,2352,4,2348,5,758.21,0.17,1.25,189.55
2017-04-01,2017-08-01,4,2352,8,2344,8,1896.40,0.34,1.00,237.05
2017-04-01,2017-09-01,5,2352,6,2346,6,1208.34,0.26,1.00,201.39
2017-04-01,2017-10-01,6,2352,8,2344,9,2083.83,0.34,1.13,260.48
2017-04-01,2017-11-01,7,2352,7,2345,7,1096.55,0.30,1.00,156.65
2017-04-01,2017-12-01,8,2352,7,2345,7,963.99,0.30,1.00,137.71
2017-04-01,2018-01-01,9,2352,4,2348,4,499.82,0.17,1.00,124.96
2017-04-01,2018-02-01,10,2352,6,2346,6,694.78,0.26,1.00,115.80
2017-04-01,2018-03-01,11,2352,2,2350,2,343.17,0.09,1.00,171.59
2017-04-01,2018-04-01,12,2352,2,2350,2,488.66,0.09,1.00,244.33
2017-04-01,2018-05-01,13,2352,1,2351,1,271.64,0.04,1.00,271.64
2017-04-01,2018-06-01,14,2352,2,2350,2,301.83,0.09,1.00,150.92
2017-04-01,2018-07-01,15,2352,2,2350,2,272.63,0.09,1.00,136.32
2017-04-01,2018-08-01,16,2352,5,2347,6,1168.52,0.21,1.20,233.70
2017-04-01,2018-09-01,17,2352,0,2352,0,0.00,0.00,,
2017-04-01,2018-10-01,18,2352,0,2352,0,0.00,0.00,,
2017-05-01,2017-05-01,0,3596,3596,0,3670,587594.61,100.00,1.02,163.40
2017-05-01,2017-06-01,1,3596,18,3578,19,2033.41,0.50,1.06,112.97
2017-05-01,2017-07-01,2,3596,18,3578,21,3258.54,0.50,1.17,181.03
2017-05-01,2017-08-01,3,3596,14,3582,14,2151.04,0.39,1.00,153.65
2017-05-01,2017-09-01,4,3596,11,3585,11,1270.79,0.31,1.00,115.53
2017-05-01,2017-10-01,5,3596,12,3584,14,1698.01,0.33,1.17,141.50
2017-05-01,2017-11-01,6,3596,15,3581,17,3024.03,0.42,1.13,201.60
2017-05-01,2017-12-01,7,3596,6,3590,6,636.60,0.17,1.00,106.10
2017-05-01,2018-01-01,8,3596,9,3587,9,1623.52,0.25,1.00,180.39
2017-05-01,2018-02-01,9,3596,11,3585,13,1484.44,0.31,1.18,134.95
2017-05-01,2018-03-01,10,3596,9,3587,9,1459.06,0.25,1.00,162.12
2017-05-01,2018-04-01,11,3596,12,3584,12,1438.36,0.33,1.00,119.86
2017-05-01,2018-05-01,12,3596,9,3587,10,1173.14,0.25,1.11,130.35
2017-05-01,2018-06-01,13,3596,1,3595,1,62.33,0.03,1.00,62.33
2017-05-01,2018-07-01,14,3596,7,3589,8,803.36,0.19,1.14,114.77
2017-05-01,2018-08-01,15,3596,9,3587,11,1029.68,0.25,1.22,114.41
2017-05-01,2018-09-01,16,3596,0,3596,0,0.00,0.00,,
2017-05-01,2018-10-01,17,3596,0,3596,0,0.00,0.00,,
2017-06-01,2017-06-01,0,3139,3139,0,3200,505245.18,100.00,1.02,160.96
2017-06-01,2017-07-01,1,3139,15,3124,15,4000.06,0.48,1.00,266.67
2017-06-01,2017-08-01,2,3139,11,3128,12,2060.14,0.35,1.09,187.29
2017-06-01,2017-09-01,3,3139,13,3126,13,1455.50,0.41,1.00,111.96
2017-06-01,2017-10-01,4,3139,8,3131,8,1374.89,0.25,1.00,171.86
2017-06-01,2017-11-01,5,3139,12,3127,12,1627.85,0.38,1.00,135.65
2017-06-01,2017-12-01,6,3139,12,3127,12,1690.13,0.38,1.00,140.84
2017-06-01,2018-01-01,7,3139,7,3132,7,822.86,0.22,1.00,117.55
2017-06-01,2018-02-01,8,3139,4,3135,4,346.26,0.13,1.00,86.57
2017-06-01,2018-03-01,9,3139,7,3132,7,570.50,0.22,1.00,81.50
2017-06-01,2018-04-01,10,3139,10,3129,10,2348.45,0.32,1.00,234.85
2017-06-01,2018-05-01,11,3139,11,3128,11,2166.05,0.35,1.00,196.91
2017-06-01,2018-06-01,12,3139,5,3134,5,513.44,0.16,1.00,102.69
2017-06-01,2018-07-01,13,3139,4,3135,4,909.63,0.13,1.00,227.41
2017-06-01,2018-08-01,14,3139,6,3133,7,2284.89,0.19,1.17,380.82
2017-06-01,2018-09-01,15,3139,0,3139,0,0.00,0.00,,
2017-06-01,2018-10-01,16,3139,0,3139,0,0.00,0.00,,
2017-07-01,2017-07-01,0,3894,3894,0,3969,582188.23,100.00,1.02,149.51
2017-07-01,2017-08-01,1,3894,20,3874,22,3070.50,0.51,1.10,153.53
2017-07-01,2017-09-01,2,3894,14,3880,14,1824.74,0.36,1.00,130.34
2017-07-01,2017-10-01,3,3894,10,3884,10,1302.70,0.26,1.00,130.27
2017-07-01,2017-11-01,4,3894,11,3883,13,1281.37,0.28,1.18,116.49
2017-07-01,2017-12-01,5,3894,8,3886,8,1865.65,0.21,1.00,233.21
2017-07-01,2018-01-01,6,3894,12,3882,12,2553.19,0.31,1.00,212.77
2017-07-01,2018-02-01,7,3894,4,3890,4,250.36,0.10,1.00,62.59
2017-07-01,2018-03-01,8,3894,7,3887,8,413.96,0.18,1.14,59.14
2017-07-01,2018-04-01,9,3894,10,3884,11,2071.11,0.26,1.10,207.11
2017-07-01,2018-05-01,10,3894,9,3885,9,1262.45,0.23,1.00,140.27
2017-07-01,2018-06-01,11,3894,12,3882,13,1292.98,0.31,1.08,107.75
2017-07-01,2018-07-01,12,3894,5,3889,5,1409.38,0.13,1.00,281.88
2017-07-01,2018-08-01,13,3894,10,3884,10,981.78,0.26,1.00,98.18
2017-07-01,2018-09-01,14,3894,0,3894,0,0.00,0.00,,
2017-07-01,2018-10-01,15,3894,0,3894,0,0.00,0.00,,
2017-08-01,2017-08-01,0,4184,4184,0,4266,662990.76,100.00,1.02,158.46
2017-08-01,2017-09-01,1,4184,29,4155,30,5497.82,0.69,1.03,189.58
2017-08-01,2017-10-01,2,4184,14,4170,16,2229.03,0.33,1.14,159.22
2017-08-01,2017-11-01,3,4184,11,4173,11,1014.62,0.26,1.00,92.24
2017-08-01,2017-12-01,4,4184,15,4169,15,1858.42,0.36,1.00,123.89
2017-08-01,2018-01-01,5,4184,22,4162,24,2911.98,0.53,1.09,132.36
2017-08-01,2018-02-01,6,4184,12,4172,12,1864.71,0.29,1.00,155.39
2017-08-01,2018-03-01,7,4184,11,4173,11,1949.83,0.26,1.00,177.26
2017-08-01,2018-04-01,8,4184,6,4178,6,1800.03,0.14,1.00,300.01
2017-08-01,2018-05-01,9,4184,6,4178,6,1204.91,0.14,1.00,200.82
2017-08-01,2018-06-01,10,4184,10,4174,10,1460.16,0.24,1.00,146.02
2017-08-01,2018-07-01,11,4184,8,4176,8,1825.60,0.19,1.00,228.20
2017-08-01,2018-08-01,12,4184,4,4180,4,532.86,0.10,1.00,133.22
2017-08-01,2018-09-01,13,4184,0,4184,0,0.00,0.00,,
2017-08-01,2018-10-01,14,4184,0,4184,0,0.00,0.00,,
2017-09-01,2017-09-01,0,4130,4130,0,4202,715437.95,100.00,1.02,173.23
2017-09-01,2017-10-01,1,4130,28,4102,28,3659.34,0.68,1.00,130.69
2017-09-01,2017-11-01,2,4130,22,4108,22,3182.57,0.53,1.00,144.66
2017-09-01,2017-12-01,3,4130,12,4118,16,1793.32,0.29,1.33,149.44
2017-09-01,2018-01-01,4,4130,19,4111,19,3375.09,0.46,1.00,177.64
2017-09-01,2018-02-01,5,4130,9,4121,13,2055.95,0.22,1.44,228.44
2017-09-01,2018-03-01,6,4130,9,4121,9,1067.34,0.22,1.00,118.59
2017-09-01,2018-04-01,7,4130,10,4120,10,965.33,0.24,1.00,96.53
2017-09-01,2018-05-01,8,4130,12,4118,12,1218.00,0.29,1.00,101.50
2017-09-01,2018-06-01,9,4130,7,4123,7,695.80,0.17,1.00,99.40
2017-09-01,2018-07-01,10,4130,11,4119,11,1336.99,0.27,1.00,121.54
2017-09-01,2018-08-01,11,4130,3,4127,3,326.30,0.07,1.00,108.77
2017-09-01,2018-09-01,12,4130,0,4130,0,0.00,0.00,,
2017-09-01,2018-10-01,13,4130,0,4130,0,0.00,0.00,,
2017-10-01,2017-10-01,0,4470,4470,0,4535,765799.62,100.00,1.01,171.32
2017-10-01,2017-11-01,1,4470,31,4439,33,4443.59,0.69,1.06,143.34
2017-10-01,2017-12-01,2,4470,11,4459,11,1643.41,0.25,1.00,149.40
2017-10-01,2018-01-01,3,4470,4,4466,4,578.42,0.09,1.00,144.61
2017-10-01,2018-02-01,4,4470,10,4460,11,1486.94,0.22,1.10,148.69
2017-10-01,2018-03-01,5,4470,9,4461,10,1553.72,0.20,1.11,172.64
2017-10-01,2018-04-01,6,4470,10,4460,10,1167.97,0.22,1.00,116.80
2017-10-01,2018-05-01,7,4470,16,4454,17,2448.18,0.36,1.06,153.01
2017-10-01,2018-06-01,8,4470,12,4458,13,2349.37,0.27,1.08,195.78
2017-10-01,2018-07-01,9,4470,9,4461,9,2024.65,0.20,1.00,224.96
2017-10-01,2018-08-01,10,4470,9,4461,9,960.39,0.20,1.00,106.71
2017-10-01,2018-09-01,11,4470,0,4470,0,0.00,0.00,,
2017-10-01,2018-10-01,12,4470,0,4470,0,0.00,0.00,,
2017-11-01,2017-11-01,0,7304,7304,0,7412,1176706.84,100.00,1.01,161.10
2017-11-01,2017-12-01,1,7304,40,7264,42,8078.27,0.55,1.05,201.96
2017-11-01,2018-01-01,2,7304,28,7276,30,4250.13,0.38,1.07,151.79
2017-11-01,2018-02-01,3,7304,13,7291,13,1622.72,0.18,1.00,124.82
2017-11-01,2018-03-01,4,7304,14,7290,14,2398.32,0.19,1.00,171.31
2017-11-01,2018-04-01,5,7304,13,7291,14,1895.05,0.18,1.08,145.77
2017-11-01,2018-05-01,6,7304,8,7296,9,1133.36,0.11,1.13,141.67
2017-11-01,2018-06-01,7,7304,14,7290,14,1956.67,0.19,1.00,139.76
2017-11-01,2018-07-01,8,7304,10,7294,10,1367.53,0.14,1.00,136.75
2017-11-01,2018-08-01,9,7304,4,7300,4,678.31,0.05,1.00,169.58
2017-11-01,2018-09-01,10,7304,0,7304,0,0.00,0.00,,
2017-11-01,2018-10-01,11,7304,0,7304,0,0.00,0.00,,
2017-12-01,2017-12-01,0,5487,5487,0,5551,859223.91,100.00,1.01,156.59
2017-12-01,2018-01-01,1,5487,14,5473,14,3309.69,0.26,1.00,236.41
2017-12-01,2018-02-01,2,5487,15,5472,16,1922.78,0.27,1.07,128.19
2017-12-01,2018-03-01,3,5487,19,5468,22,2401.50,0.35,1.16,126.39
2017-12-01,2018-04-01,4,5487,15,5472,15,2032.76,0.27,1.00,135.52
2017-12-01,2018-05-01,5,5487,11,5476,11,2055.20,0.20,1.00,186.84
2017-12-01,2018-06-01,6,5487,9,5478,9,1258.70,0.16,1.00,139.86
2017-12-01,2018-07-01,7,5487,3,5484,3,567.03,0.05,1.00,189.01
2017-12-01,2018-08-01,8,5487,12,5475,12,1828.75,0.22,1.00,152.40
2017-12-01,2018-09-01,9,5487,0,5487,0,0.00,0.00,,
2017-12-01,2018-10-01,10,5487,0,5487,0,0.00,0.00,,
2018-01-01,2018-01-01,0,7025,7025,0,7124,1092330.62,100.00,1.01,155.49
2018-01-01,2018-02-01,1,7025,24,7001,24,3713.86,0.34,1.00,154.74
2018-01-01,2018-03-01,2,7025,27,6998,27,3998.18,0.38,1.00,148.08
2018-01-01,2018-04-01,3,7025,20,7005,20,3418.21,0.28,1.00,170.91
2018-01-01,2018-05-01,4,7025,20,7005,20,2663.14,0.28,1.00,133.16
2018-01-01,2018-06-01,5,7025,11,7014,12,1586.64,0.16,1.09,144.24
2018-01-01,2018-07-01,6,7025,12,7013,12,1393.54,0.17,1.00,116.13
2018-01-01,2018-08-01,7,7025,16,7009,16,1643.58,0.23,1.00,102.72
2018-01-01,2018-09-01,8,7025,0,7025,0,0.00,0.00,,
2018-01-01,2018-10-01,9,7025,0,7025,0,0.00,0.00,,
2018-02-01,2018-02-01,0,6451,6451,0,6602,975747.44,100.00,1.02,151.26
2018-02-01,2018-03-01,1,6451,25,6426,25,3490.42,0.39,1.00,139.62
2018-02-01,2018-04-01,2,6451,25,6426,26,4230.10,0.39,1.04,169.20
2018-02-01,2018-05-01,3,6451,19,6432,19,3518.60,0.29,1.00,185.19
2018-02-01,2018-06-01,4,6451,17,6434,17,2246.80,0.26,1.00,132.16
2018-02-01,2018-07-01,5,6451,14,6437,14,3050.56,0.22,1.00,217.90
2018-02-01,2018-08-01,6,6451,13,6438,13,1730.85,0.20,1.00,133.14
2018-02-01,2018-09-01,7,6451,0,6451,0,0.00,0.00,,
2018-02-01,2018-10-01,8,6451,0,6451,0,0.00,0.00,,
2018-03-01,2018-03-01,0,6965,6965,0,7056,1138451.03,100.00,1.01,163.45
2018-03-01,2018-04-01,1,6965,32,6933,32,4587.36,0.46,1.00,143.36
2018-03-01,2018-05-01,2,6965,22,6943,25,3666.09,0.32,1.14,166.64
2018-03-01,2018-06-01,3,6965,20,6945,21,3264.78,0.29,1.05,163.24
2018-03-01,2018-07-01,4,6965,9,6956,9,1561.10,0.13,1.00,173.46
2018-03-01,2018-08-01,5,6965,9,6956,9,684.02,0.13,1.00,76.00
2018-03-01,2018-09-01,6,6965,0,6965,0,0.00,0.00,,
2018-03-01,2018-10-01,7,6965,0,6965,0,0.00,0.00,,
2018-04-01,2018-04-01,0,6711,6711,0,6765,1133817.24,100.00,1.01,168.95
2018-04-01,2018-05-01,1,6711,39,6672,39,5090.03,0.58,1.00,130.51
2018-04-01,2018-06-01,2,6711,21,6690,21,3693.24,0.31,1.00,175.87
2018-04-01,2018-07-01,3,6711,16,6695,16,1886.83,0.24,1.00,117.93
2018-04-01,2018-08-01,4,6711,9,6702,10,849.00,0.13,1.11,94.33
2018-04-01,2018-09-01,5,6711,0,6711,0,0.00,0.00,,
2018-04-01,2018-10-01,6,6711,0,6711,0,0.00,0.00,,
2018-05-01,2018-05-01,0,6622,6622,0,6675,1124683.80,100.00,1.01,169.84
2018-05-01,2018-06-01,1,6622,35,6587,36,8365.17,0.53,1.03,239.00
2018-05-01,2018-07-01,2,6622,18,6604,18,2698.51,0.27,1.00,149.92
2018-05-01,2018-08-01,3,6622,14,6608,14,1886.05,0.21,1.00,134.72
2018-05-01,2018-09-01,4,6622,0,6622,0,0.00,0.00,,
2018-05-01,2018-10-01,5,6622,0,6622,0,0.00,0.00,,
2018-06-01,2018-06-01,0,5940,5940,0,5974,993287.56,100.00,1.01,167.22
2018-06-01,2018-07-01,1,5940,25,5915,25,3123.97,0.42,1.00,124.96
2018-06-01,2018-08-01,2,5940,17,5923,17,1942.39,0.29,1.00,114.26
2018-06-01,2018-09-01,3,5940,0,5940,0,0.00,0.00,,
2018-06-01,2018-10-01,4,5940,1,5939,1,222.03,0.02,1.00,222.03
2018-07-01,2018-07-01,0,6071,6071,0,6131,1041569.40,100.00,1.01,171.56
2018-07-01,2018-08-01,1,6071,44,6027,46,13807.01,0.72,1.05,313.80
2018-07-01,2018-09-01,2,6071,2,6069,2,260.92,0.03,1.00,130.46
2018-07-01,2018-10-01,3,6071,0,6071,0,0.00,0.00,,
2018-08-01,2018-08-01,0,6271,6271,0,6316,989567.16,100.00,1.01,157.80
2018-08-01,2018-09-01,1,6271,7,6264,9,1102.27,0.11,1.29,157.47
2018-08-01,2018-10-01,2,6271,2,6269,2,277.93,0.03,1.00,138.97
2018-09-01,2018-09-01,0,5,5,0,5,3076.35,100.00,1.00,615.27
2018-09-01,2018-10-01,1,5,0,5,0,0.00,0.00,,
2018-10-01,2018-10-01,0,1,1,0,1,89.71,100.00,1.00,89.71
